Trang (Page),Mã vị trí (Key),Nội dung hiển thị (Content),Ghi chú / Hướng dẫn
index,hero_eyebrow,Unite Group Career,Đầu trang - dòng chữ nhỏ trên cùng
index,hero_title,Chuyên viên tư vấn,Đầu trang - tiêu đề lớn (dòng 1)
index,hero_subtitle,"cho thuê <span class=""title-soft"">căn hộ</span>","Đầu trang - tiêu đề màu vàng (dòng 2). CÓ MÃ HTML: chỉ sửa chữ, giữ nguyên các thẻ <...>"
index,hero_lead,"Gia nhập Unite Group – nơi người trẻ phát triển năng lực tư vấn, xây thương hiệu cá nhân và tạo thu nhập từ chính kết quả thực chiến.",Đầu trang - đoạn giới thiệu
index,why_eyebrow,Why,"Phần ""Vì sao nên phát triển"" - dòng chữ nhỏ phía trên tiêu đề"
index,why_title,Tại sao bạn nên gia nhập Unite Group?,"Phần ""Vì sao nên phát triển"" - tiêu đề"
index,quiz_eyebrow,Quick Match,"Phần ""Bạn có phù hợp không"" - dòng chữ nhỏ phía trên tiêu đề"
index,quiz_title,Bạn có hợp với vị trí này không?,"Phần ""Bạn có phù hợp không"" - tiêu đề"
index,quiz_desc,Hãy chọn những điều đúng với bạn. Kết quả đánh giá mức độ phù hợp sẽ hiển thị ngay bên dưới.,"Phần ""Bạn có phù hợp không"" - đoạn mô tả"
index,tasks_eyebrow,What you will do,"Phần ""Công việc"" - dòng chữ nhỏ phía trên tiêu đề"
index,tasks_title,"Ở Unite Group, bạn sẽ làm gì?","Phần ""Công việc"" - tiêu đề"
index,income_eyebrow,Income Simulator,"Phần ""Ước tính thu nhập"" - dòng chữ nhỏ phía trên tiêu đề"
index,income_title,Thử ước tính thu nhập theo kết quả,"Phần ""Ước tính thu nhập"" - tiêu đề"
index,income_desc,Ứng viên có thể tự kéo thanh để hình dung thu nhập tham khảo.,"Phần ""Ước tính thu nhập"" - đoạn mô tả"
index,path_eyebrow,Career Path,"Phần ""Lộ trình phát triển"" - dòng chữ nhỏ phía trên tiêu đề"
index,path_title,Lộ trình phát triển tại Unite Group,"Phần ""Lộ trình phát triển"" - tiêu đề"
index,path_desc,"Hành trình phát triển được thể hiện theo từng nấc thang đi lên, giúp ứng viên dễ hình dung hướng đi trong công việc.","Phần ""Lộ trình phát triển"" - đoạn mô tả"
index,training_eyebrow,Weekly Training,"Phần ""Lịch Training"" - dòng chữ nhỏ phía trên tiêu đề"
index,training_title,Lịch Training Hàng Tuần,"Phần ""Lịch Training"" - tiêu đề"
index,training_desc,Tham gia các buổi đào tạo thực chiến để nâng cao kỹ năng chốt sale và phát triển bản thân.,"Phần ""Lịch Training"" - đoạn mô tả"
index,gallery_eyebrow,Culture Gallery,"Phần ""Hình ảnh văn hóa"" - dòng chữ nhỏ phía trên tiêu đề"
index,gallery_title,"Môi trường trẻ, thực chiến và có Leader đồng hành","Phần ""Hình ảnh văn hóa"" - tiêu đề"
index,gallery_desc,"Tại Unite Group, bạn không chỉ làm việc với khách hàng mà còn được học hỏi, kết nối và phát triển trong một môi trường năng động.","Phần ""Hình ảnh văn hóa"" - đoạn mô tả"
index,workplace_eyebrow,Workplace,"Phần ""Văn phòng / Bản đồ"" - dòng chữ nhỏ phía trên tiêu đề"
index,workplace_title,Chọn nơi làm việc phù hợp,"Phần ""Văn phòng / Bản đồ"" - tiêu đề"
index,workplace_desc,Chọn văn phòng phù hợp với khu vực sinh sống và mở chỉ đường Google Maps trực tiếp.,"Phần ""Văn phòng / Bản đồ"" - đoạn mô tả"
index,faq_eyebrow,FAQ,"Phần ""Câu hỏi thường gặp"" - dòng chữ nhỏ phía trên tiêu đề"
index,faq_title,Ứng viên thường hỏi gì?,"Phần ""Câu hỏi thường gặp"" - tiêu đề"
index,apply_eyebrow,Apply Now,"Phần ""Form ứng tuyển"" - dòng chữ nhỏ phía trên tiêu đề"
index,apply_title,Sẵn sàng bắt đầu hành trình mới tại Unite Group?,"Phần ""Form ứng tuyển"" - tiêu đề"
index,apply_desc,Điền thông tin bên dưới để Bộ phận tuyển dụng Unite Group liên hệ trao đổi chi tiết công việc và sắp lịch phỏng vấn.,"Phần ""Form ứng tuyển"" - đoạn mô tả"
nha-nguyen-can,hero_eyebrow,Unite Group Career,Đầu trang - dòng chữ nhỏ trên cùng
nha-nguyen-can,hero_title,Chuyên viên tư vấn,Đầu trang - tiêu đề lớn (dòng 1)
nha-nguyen-can,hero_subtitle,"cho thuê <span class=""title-soft"">nhà nguyên căn</span>","Đầu trang - tiêu đề màu vàng (dòng 2). CÓ MÃ HTML: chỉ sửa chữ, giữ nguyên các thẻ <...>"
nha-nguyen-can,hero_lead,"Gia nhập Unite Central Real – phát triển kỹ năng tìm nguồn nhà, khảo sát thực tế, tư vấn nhu cầu thuê và hỗ trợ khách hàng đi đến ký kết.",Đầu trang - đoạn giới thiệu
nha-nguyen-can,why_eyebrow,Why,"Phần ""Vì sao nên phát triển"" - dòng chữ nhỏ phía trên tiêu đề"
nha-nguyen-can,why_title,Vì sao nên phát triển cùng Unite Central Real?,"Phần ""Vì sao nên phát triển"" - tiêu đề"
nha-nguyen-can,quiz_eyebrow,Quick Match,"Phần ""Bạn có phù hợp không"" - dòng chữ nhỏ phía trên tiêu đề"
nha-nguyen-can,quiz_title,Bạn có phù hợp với vị trí này không?,"Phần ""Bạn có phù hợp không"" - tiêu đề"
nha-nguyen-can,quiz_desc,Chọn những điều đúng với bạn để xem mức độ phù hợp với công việc tư vấn nhà nguyên căn.,"Phần ""Bạn có phù hợp không"" - đoạn mô tả"
nha-nguyen-can,tasks_eyebrow,What you will do,"Phần ""Công việc"" - dòng chữ nhỏ phía trên tiêu đề"
nha-nguyen-can,tasks_title,Công việc của Chuyên viên tư vấn Nhà nguyên căn,"Phần ""Công việc"" - tiêu đề"
nha-nguyen-can,income_eyebrow,Income Simulator,"Phần ""Ước tính thu nhập"" - dòng chữ nhỏ phía trên tiêu đề"
nha-nguyen-can,income_title,Thử ước tính thu nhập theo kết quả,"Phần ""Ước tính thu nhập"" - tiêu đề"
nha-nguyen-can,income_desc,Ứng viên có thể tự kéo thanh để hình dung thu nhập tham khảo.,"Phần ""Ước tính thu nhập"" - đoạn mô tả"
nha-nguyen-can,path_eyebrow,Career Path,"Phần ""Lộ trình phát triển"" - dòng chữ nhỏ phía trên tiêu đề"
nha-nguyen-can,path_title,Lộ trình phát triển tại Unite Group,"Phần ""Lộ trình phát triển"" - tiêu đề"
nha-nguyen-can,path_desc,"Hành trình phát triển được thể hiện theo từng nấc thang đi lên, giúp ứng viên dễ hình dung hướng đi trong công việc.","Phần ""Lộ trình phát triển"" - đoạn mô tả"
nha-nguyen-can,training_eyebrow,Weekly Training,"Phần ""Lịch Training"" - dòng chữ nhỏ phía trên tiêu đề"
nha-nguyen-can,training_title,Lịch Training Hàng Tuần,"Phần ""Lịch Training"" - tiêu đề"
nha-nguyen-can,training_desc,Tham gia các buổi đào tạo thực chiến để nâng cao kỹ năng chốt sale và phát triển bản thân.,"Phần ""Lịch Training"" - đoạn mô tả"
nha-nguyen-can,gallery_eyebrow,Culture Gallery,"Phần ""Hình ảnh văn hóa"" - dòng chữ nhỏ phía trên tiêu đề"
nha-nguyen-can,gallery_title,"Học sản phẩm từ thực tế, phát triển cùng đội ngũ","Phần ""Hình ảnh văn hóa"" - tiêu đề"
nha-nguyen-can,gallery_desc,"Tham gia training, khảo sát thực tế, nhận hướng dẫn từ Leader và kết nối trong môi trường trẻ, chủ động.","Phần ""Hình ảnh văn hóa"" - đoạn mô tả"
nha-nguyen-can,workplace_eyebrow,Workplace,"Phần ""Văn phòng / Bản đồ"" - dòng chữ nhỏ phía trên tiêu đề"
nha-nguyen-can,workplace_title,Văn phòng làm việc của Unite Central Real,"Phần ""Văn phòng / Bản đồ"" - tiêu đề"
nha-nguyen-can,workplace_desc,Bộ phận Nhà nguyên căn làm việc tập trung tại 125 Trần Bình Trọng.,"Phần ""Văn phòng / Bản đồ"" - đoạn mô tả"
nha-nguyen-can,faq_eyebrow,FAQ,"Phần ""Câu hỏi thường gặp"" - dòng chữ nhỏ phía trên tiêu đề"
nha-nguyen-can,faq_title,Ứng viên thường hỏi gì?,"Phần ""Câu hỏi thường gặp"" - tiêu đề"
nha-nguyen-can,apply_eyebrow,Apply Now,"Phần ""Form ứng tuyển"" - dòng chữ nhỏ phía trên tiêu đề"
nha-nguyen-can,apply_title,Ứng tuyển Unite Central Real,"Phần ""Form ứng tuyển"" - tiêu đề"
nha-nguyen-can,apply_desc,"Điền thông tin để HR UCR liên hệ, trao đổi công việc và sắp lịch phỏng vấn tại 125 Trần Bình Trọng.","Phần ""Form ứng tuyển"" - đoạn mô tả"
tpa,hero_eyebrow,Unite Group Career,Đầu trang - dòng chữ nhỏ trên cùng
tpa,hero_title,Chuyên viên tư vấn,Đầu trang - tiêu đề lớn (dòng 1)
tpa,hero_subtitle,"vị trí <span class=""title-soft"">TPA</span> <span class=""title-area"">(Quận 7 cũ)</span>","Đầu trang - tiêu đề màu vàng (dòng 2). CÓ MÃ HTML: chỉ sửa chữ, giữ nguyên các thẻ <...>"
tpa,hero_lead,"Gia nhập TPA – phát triển kỹ năng tìm nguồn nhà, khảo sát thực tế, tư vấn nhu cầu thuê và hỗ trợ khách hàng đi đến ký kết.",Đầu trang - đoạn giới thiệu
tpa,hotline,Hotline HR: 070 367 2595,Chân trang - dòng Hotline HR
tpa,why_eyebrow,Why,"Phần ""Vì sao nên phát triển"" - dòng chữ nhỏ phía trên tiêu đề"
tpa,why_title,Vì sao nên phát triển cùng TPA?,"Phần ""Vì sao nên phát triển"" - tiêu đề"
tpa,quiz_eyebrow,Quick Match,"Phần ""Bạn có phù hợp không"" - dòng chữ nhỏ phía trên tiêu đề"
tpa,quiz_title,Bạn có phù hợp với vị trí này không?,"Phần ""Bạn có phù hợp không"" - tiêu đề"
tpa,quiz_desc,Chọn những điều đúng với bạn để xem mức độ phù hợp với công việc tư vấn TPA.,"Phần ""Bạn có phù hợp không"" - đoạn mô tả"
tpa,tasks_eyebrow,What you will do,"Phần ""Công việc"" - dòng chữ nhỏ phía trên tiêu đề"
tpa,tasks_title,Công việc của Chuyên viên tư vấn TPA,"Phần ""Công việc"" - tiêu đề"
tpa,income_eyebrow,Income Simulator,"Phần ""Ước tính thu nhập"" - dòng chữ nhỏ phía trên tiêu đề"
tpa,income_title,Thử ước tính thu nhập theo kết quả,"Phần ""Ước tính thu nhập"" - tiêu đề"
tpa,income_desc,Ứng viên có thể tự kéo thanh để hình dung thu nhập tham khảo.,"Phần ""Ước tính thu nhập"" - đoạn mô tả"
tpa,path_eyebrow,Career Path,"Phần ""Lộ trình phát triển"" - dòng chữ nhỏ phía trên tiêu đề"
tpa,path_title,Lộ trình phát triển tại TPA,"Phần ""Lộ trình phát triển"" - tiêu đề"
tpa,path_desc,"Hành trình phát triển được thể hiện theo từng nấc thang đi lên, giúp ứng viên dễ hình dung hướng đi trong công việc.","Phần ""Lộ trình phát triển"" - đoạn mô tả"
tpa,training_eyebrow,Weekly Training,"Phần ""Lịch Training"" - dòng chữ nhỏ phía trên tiêu đề"
tpa,training_title,Lịch Training Hàng Tuần,"Phần ""Lịch Training"" - tiêu đề"
tpa,training_desc,Tham gia các buổi đào tạo thực chiến để nâng cao kỹ năng chốt sale và phát triển bản thân.,"Phần ""Lịch Training"" - đoạn mô tả"
tpa,gallery_eyebrow,Culture Gallery,"Phần ""Hình ảnh văn hóa"" - dòng chữ nhỏ phía trên tiêu đề"
tpa,gallery_title,"Học sản phẩm từ thực tế, phát triển cùng đội ngũ","Phần ""Hình ảnh văn hóa"" - tiêu đề"
tpa,gallery_desc,"Tham gia training, khảo sát thực tế, nhận hướng dẫn từ Leader và kết nối trong môi trường trẻ, chủ động.","Phần ""Hình ảnh văn hóa"" - đoạn mô tả"
tpa,workplace_eyebrow,VĂN PHÒNG 39 MAI VĂN VĨNH QUẬN 7,"Phần ""Văn phòng / Bản đồ"" - dòng chữ nhỏ phía trên tiêu đề"
tpa,workplace_title,Văn phòng làm việc của TPA,"Phần ""Văn phòng / Bản đồ"" - tiêu đề"
tpa,workplace_desc,Bộ phận TPA làm việc tập trung tại 39 Mai Văn Vĩnh.,"Phần ""Văn phòng / Bản đồ"" - đoạn mô tả"
tpa,faq_eyebrow,FAQ,"Phần ""Câu hỏi thường gặp"" - dòng chữ nhỏ phía trên tiêu đề"
tpa,faq_title,Ứng viên thường hỏi gì?,"Phần ""Câu hỏi thường gặp"" - tiêu đề"
tpa,apply_eyebrow,Apply Now,"Phần ""Form ứng tuyển"" - dòng chữ nhỏ phía trên tiêu đề"
tpa,apply_title,Ứng tuyển TPA,"Phần ""Form ứng tuyển"" - tiêu đề"
tpa,apply_desc,"Điền thông tin để HR TPA liên hệ, trao đổi công việc và sắp lịch phỏng vấn tại 39 Mai Văn Vĩnh.","Phần ""Form ứng tuyển"" - đoạn mô tả"
